product_id,product_name,product_description,link
12532,Puma Women Solid Black Jackets,Women Apparel Topwear Jackets Black Fall 2011.0 Casual,http://assets.myntassets.com/v1/images/style/properties/0bf90e10c420094757095e91511f061e_images.jpg
3469,ADIDAS Unisex Black White Headband,Unisex Accessories Headwear Headband Black Fall 2010.0 Sports,http://assets.myntassets.com/v1/images/style/properties/7454eb6cbe3c7bfdf6f6a2711a481f32_images.jpg
24742,Murcia Women Casual Handbag,Women Accessories Bags Handbags Green Winter 2015.0 Casual,http://assets.myntassets.com/v1/images/style/properties/8d0480e7f69b85ca5ae316373d9bd637_images.jpg
28477,Urban Yoga Women Printed Purple Kurta,Women Apparel Topwear Kurtas Purple Summer 2012.0 Ethnic,http://assets.myntassets.com/v1/images/style/properties/8485f585f82c980144429e3fbadccab4_images.jpg
9966,Nike Women As Statement White T-Shirts,Women Apparel Topwear Tshirts White Fall 2011.0 Sports,http://assets.myntassets.com/v1/images/style/properties/56b1402e1f467eaddec5e140e77509d4_images.jpg
58208,New Hide Men Brown Belt,Men Accessories Belts Belts Brown Summer 2013.0 Casual,http://assets.myntassets.com/v1/images/style/properties/New-Hide-Men-Brown-Belt_5eca6f9e133fc8c2acae2ffb11c389f8_images.jpg
30591,Nike Unisex Federer Blue Cap,Unisex Accessories Headwear Caps Blue Summer 2012.0 Sports,http://assets.myntassets.com/v1/images/style/properties/9f3dbe56179ba89ce712d63d2866f3df_images.jpg
45627,Park Avenue Men Grey Briefs,Men Apparel Innerwear Briefs Grey Summer 2016.0 Casual,http://assets.myntassets.com/v1/images/style/properties/Park-Avenue-Men-Grey-Briefs_3b0389694dfccc2af1bd9974d38edddd_images.jpg
50468,Chromozome Men Grey Melange Trunks,Men Apparel Innerwear Trunk Grey Melange Winter 2016.0 Casual,http://assets.myntassets.com/v1/images/style/properties/834adaaac1124814a0d19555a9de5139_images.jpg
51797,Bwitch Turquiose Blue Nightdress,Women Apparel Loungewear and Nightwear Nightdress Turquoise Blue Summer 2016.0 Casual,http://assets.myntassets.com/v1/images/style/properties/e6061e03e9c9a45c2cc883cd12400896_images.jpg
31221,Puma Women Black Capris,Women Apparel Bottomwear Capris Black Summer 2012.0 Casual,http://assets.myntassets.com/v1/images/style/properties/e33337627de45a6df76c963592eb778b_images.jpg
46949,York Women Amazing Perfume,Women Personal Care Fragrance Perfume and Body Mist Peach Spring 2017.0 Casual,http://assets.myntassets.com/v1/images/style/properties/af9d7f22310e643edcc32f6cbb171c56_images.jpg
26608,Puma Men Faas 800 Black Sports Shoes,Men Footwear Shoes Sports Shoes Black Summer 2012.0 Sports,http://assets.myntassets.com/v1/images/style/properties/60f149f308ba2561a5e52d858533eac3_images.jpg
14859,United Colors of Benetton Women Solid Black Wallets,Women Accessories Wallets Wallets Black Summer 2011.0 Casual,http://assets.myntassets.com/v1/images/style/properties/6acb24bac048577ec475113244a91c0c_images.jpg
26384,Turtle Men Black Trousers,Men Apparel Bottomwear Trousers Black Summer 2012.0 Formal,http://assets.myntassets.com/v1/images/style/properties/44d49213b5eca0c88116f3687349590b_images.jpg
44958,Fogg Women Radiate Deo,Women Personal Care Fragrance Deodorant Red Spring 2017.0 Casual,http://assets.myntassets.com/v1/images/style/properties/Fogg-Women-Radiate-Deo_d1111482b519bdaf60a569727a33be38_images.jpg
43065,Nike Men Grey Striped T-shirt,Men Apparel Topwear Tshirts Grey Summer 2012.0 Casual,http://assets.myntassets.com/v1/images/style/properties/8ef6b29dbd52a1bf5e5674dd6ccff1a9_images.jpg
48981,Lucera Women Silver Ring,Women Accessories Jewellery Ring Silver Fall 2012.0 Casual,http://assets.myntassets.com/v1/images/style/properties/Lucera-Women-Silver-Ring_d20b2a7f1e24b46c24bda71bb49050ff_images.jpg
42002,Gini and Jony Girls Kinky Pink Capris,Girls Apparel Bottomwear Capris Pink Summer 2012.0 Casual,http://assets.myntassets.com/v1/images/style/properties/d07f3c84fe3df82e98b46ba9a55cc866_images.jpg
45768,Lomani Women Deo,Women Personal Care Fragrance Deodorant Blue Spring 2017.0 Casual,http://assets.myntassets.com/v1/images/style/properties/078a07893f3bee64cfc8f5b999e0c997_images.jpg
55384,Revlon Plum Deluxe Nail Enamel 315,Women Personal Care Nails Nail Polish Purple Spring 2017.0 Casual,http://assets.myntassets.com/v1/images/style/properties/Revlon-Plum-Deluxe-Nail-Enamel-315_eadb39d09147dee1dd91cbae9b0f41f7_images.jpg
31715,Fabindia Women Anusuya Silver Earrings,Women Accessories Jewellery Earrings Silver Winter 2016.0 Ethnic,http://assets.myntassets.com/v1/images/style/properties/50df277efb7f30aca10c6cd8262be2e8_images.jpg
3125,Inkfruit Men's Star War Black T-shirt,Men Apparel Topwear Tshirts Black Summer 2011.0 Casual,http://assets.myntassets.com/v1/images/style/properties/00f5456937933eb6f8d4ed12d600f469_images.jpg
39174,Aneri Women Blue Printed Kurta,Women Apparel Topwear Kurtas Blue Summer 2012.0 Ethnic,http://assets.myntassets.com/v1/images/style/properties/b8a07598a1cc5e20f139ad5573bfcd16_images.jpg
53376,Puma Women White Ferrari Wallet,Women Accessories Wallets Wallets White Summer 2012.0 Casual,http://assets.myntassets.com/v1/images/style/properties/34a6011ef1dc0c946ea7fd456d21d6ae_images.jpg
21885,BIBA Women Printed Green Kurta,Women Apparel Topwear Kurtas Green Fall 2011.0 Ethnic,http://assets.myntassets.com/v1/images/style/properties/623973b4d4ffc01772477bf6a92a9c58_images.jpg
29865,Mayhem Men Aviator Sunglasses 1024-209,Men Accessories Eyewear Sunglasses Black Winter 2016.0 Casual,http://assets.myntassets.com/v1/images/style/properties/de4d5e0f834a79381d44c6d43204261e_images.jpg
30463,Lovable Women All Day Long Pink Bra,Women Apparel Innerwear Bra Pink Summer 2014.0 Casual,http://assets.myntassets.com/v1/images/style/properties/7efd75cf49b328e110793d6d5a30a121_images.jpg
4355,Batman Men's Batman Applique Shei Grey T-shirt,Men Apparel Topwear Tshirts Grey Summer 2011.0 Casual,http://assets.myntassets.com/v1/images/style/properties/b156a1a2bb131dba97c19b3bd75535b8_images.jpg
49752,Parx Men Lavender Tie,Men Accessories Ties Ties Lavender Summer 2012.0 Formal,http://assets.myntassets.com/v1/images/style/properties/Parx-Men-Lavender-Tie_30c29b1e554107c0337101151b8b8d81_images.jpg
39742,Arrow Men Red Shoes,Men Footwear Shoes Casual Shoes Red Summer 2012.0 Casual,http://assets.myntassets.com/v1/images/style/properties/a5ab934bf95b73af42ac8f3ef4f3030e_images.jpg
26300,Proline Men Blue Striped Polo T-shirt,Men Apparel Topwear Tshirts Blue Summer 2012.0 Casual,http://assets.myntassets.com/v1/images/style/properties/6102a32bbf856ce5ea6007efa0435ba5_images.jpg
35937,Salomon Men Techamphibian 3 Black Sports Shoes,Men Footwear Shoes Sports Shoes Black Summer 2012.0 Sports,http://assets.myntassets.com/v1/images/style/properties/109d2977d09481c2e9c8cd1c3a8aaca2_images.jpg
25105,Lino Perros Women Black Belt,Women Accessories Belts Belts Black Winter 2015.0 Casual,http://assets.myntassets.com/v1/images/style/properties/d9b1d365e04907e4fc9425f90a5ad8f8_images.jpg
42938,French Connection Men Black Bag,Men Accessories Bags Handbags Black Summer 2012.0 Casual,http://assets.myntassets.com/v1/images/style/properties/295a353189c8ba9019359930413f5e91_images.jpg
21259,Skybags Unisex Black Bern Backpack,Unisex Accessories Bags Backpacks Black Summer 2015.0 Casual,http://assets.myntassets.com/v1/images/style/properties/Skybags-Unisex-Polyester-Black-Backpack836d1898ae83c38b865b0f72eecfce6e_images.jpg
32766,John Miller Men Striped White Shirt,Men Apparel Topwear Shirts White Summer 2012.0 Formal,http://assets.myntassets.com/v1/images/style/properties/0b3450f13c40d498cb9d5eaa440db6c2_images.jpg
10305,Clarks Men Rocco Fuse Brown Casual Shoes,Men Footwear Shoes Casual Shoes Black Fall 2011.0 Casual,http://assets.myntassets.com/v1/images/style/properties/73727276090d567a3384b52cac6b9f0a_images.jpg
24868,Reid & Taylor Men Casual Black Wallet,Men Accessories Wallets Wallets Black Summer 2012.0 Casual,http://assets.myntassets.com/v1/images/style/properties/a92d059d10d1f6eae4151508f4609571_images.jpg
5848,Puma Men's Summer Graphic Grey T-shirt,Men Apparel Topwear Tshirts Grey Summer 2011.0 Sports,http://assets.myntassets.com/v1/images/style/properties/e0a095f001a72c3c6aa6f6c1637937dd_images.jpg
19077,W Women Round Bottom Red Kurta,Women Apparel Topwear Kurtas Red Fall 2011.0 Ethnic,http://assets.myntassets.com/v1/images/style/properties/db6a24ea307616201f5346d2ce639e47_images.jpg
40139,Gini and JonyBoys Around The World Navy Blue T-shirt,Boys Apparel Topwear Tshirts Navy Blue Summer 2012.0 Casual,http://assets.myntassets.com/v1/images/style/properties/023bd88503d9668550d5a7e69122ed16_images.jpg
38609,Nike Men Printed Blue T-shirt,Men Apparel Topwear Tshirts Blue Summer 2012.0 Casual,http://assets.myntassets.com/v1/images/style/properties/901ed3755b23ed6885029efb73faab57_images.jpg
51424,Myntra Men White Shirt,Men Apparel Topwear Shirts White Summer 2012.0 Formal,http://assets.myntassets.com/v1/images/style/properties/b8fe19c5b788a7c86d58cbe7cd9082ad_images.jpg
4300,Tantra Men's Guitar Gods Green T-shirt,Men Apparel Topwear Tshirts Green Summer 2011.0 Casual,http://assets.myntassets.com/v1/images/style/properties/912298b67412434837d5d87a2bc44b6f_images.jpg
32619,Nike Men Legend Poly Black T-shirt,Men Apparel Topwear Tshirts Black Spring 2014.0 Sports,http://assets.myntassets.com/v1/images/style/properties/559c7e6fa84828f93601ad0a8da7ec09_images.jpg
43063,Nike Men Red Portugal Football T-shirt,Men Apparel Topwear Tshirts Red Summer 2012.0 Casual,http://assets.myntassets.com/v1/images/style/properties/d3690362be1a3efe3d3359343e507c54_images.jpg
43217,Fastrack Women Black Dial Watch,Women Accessories Watches Watches Black Winter 2016.0 Casual,http://assets.myntassets.com/v1/images/style/properties/901fb16deebe96f9e7d2c990586f73bb_images.jpg
59777,Estelle Women Gold Bracelet,Women Accessories Jewellery Bracelet Gold Winter 2016.0 Casual,http://assets.myntassets.com/v1/images/style/properties/Estelle-Women-Gold-Bracelet_5996f626cfa975954bfe941bb8a44a06_images.jpg
44253,Hidekraft Women Black Leather Wallet,Women Accessories Wallets Wallets Black Fall 2012.0 Casual,http://assets.myntassets.com/v1/images/style/properties/Hidekraft-Women-Black-Wallet_a0d290be6424a42402bed34cc8f10561_images.jpg
42920,French Connection Women Grey Wallet,Women Accessories Wallets Wallets Grey Summer 2012.0 Casual,http://assets.myntassets.com/v1/images/style/properties/0305a2f2216a39afffeb7fd6820b2815_images.jpg
31619,Indigo Nation Men Maroon Shirt,Men Apparel Topwear Shirts Maroon Summer 2012.0 Formal,http://assets.myntassets.com/v1/images/style/properties/8031578d34ca52284f8aa050a94ea20c_images.jpg
29892,Mayhem Women Sunglasses 1012-102,Women Accessories Eyewear Sunglasses Brown Winter 2016.0 Casual,http://assets.myntassets.com/v1/images/style/properties/274731293bf9b4264a2caf077df9ae5a_images.jpg
17695,Vans Men Authentic Maroon Casual Shoes,Men Footwear Shoes Casual Shoes Maroon Fall 2011.0 Casual,http://assets.myntassets.com/v1/images/style/properties/b7ad1466ade805605597dbf4c7ae7f3d_images.jpg
6894,Forever New Women Floral Multiprint White Top,Women Apparel Topwear Tops White Summer 2011.0 Casual,http://assets.myntassets.com/v1/images/style/properties/6d82daf4e24bcc7a423d9ecc7e6d12f7_images.jpg
9042,Buckaroo Men Moles Brown Formal Shoes,Men Footwear Shoes Formal Shoes Brown Winter 2011.0 Formal,http://assets.myntassets.com/v1/images/style/properties/4ed2c3d0353ec0e858902598ca119d56_images.jpg
6187,ADIDAS Women's Young Lives Green Flip Flop,Women Footwear Flip Flops Flip Flops Green Summer 2011.0 Casual,http://assets.myntassets.com/v1/images/style/properties/637e90f37777367948d03e7bff3704ae_images.jpg
21526,Kiara Women Glossy Red Handbag,Women Accessories Bags Handbags Red Winter 2015.0 Casual,http://assets.myntassets.com/v1/images/style/properties/d1e32f6091a54eac3da0653d10129f54_images.jpg
51596,Wrangler Women Black Molly Jeans,Women Apparel Bottomwear Jeans Black Summer 2012.0 Casual,http://assets.myntassets.com/v1/images/style/properties/f2597b1f531c781e9078dd09aa1e363b_images.jpg
56583,Streetwear Crystal Shine Face Brightener,Women Personal Care Makeup Highlighter and Blush Skin Spring 2017.0 nan,http://assets.myntassets.com/v1/images/style/properties/Streetwear-Crystal-Shine-Peach-Face-Brightener_f8940d5c62245ce2f917c31515a2dc58_images.jpg
57264,Murcia Women Black Handbag,Women Free Items Free Gifts Free Gifts Black Summer 2015.0 Casual,http://assets.myntassets.com/v1/images/style/properties/Murcia-Women-Black-Handbag_9a3ec71b35fef6e7ceadfdd9a3f1f5b2_images.jpg
25933,Femella Women Brown Scarf,Women Accessories Scarves Scarves Brown Summer 2012.0 Casual,http://assets.myntassets.com/v1/images/style/properties/52c4bda78d09b14410335e7feaecf94b_images.jpg
25449,Nike Women Snapper Thong Flip Flop,Women Footwear Flip Flops Flip Flops Green Summer 2012.0 Casual,http://assets.myntassets.com/v1/images/style/properties/962672368f1b4f14b622598bb9e70a73_images.jpg
7909,Proline Men Navy & Cream Striped Polo T-shirt,Men Apparel Topwear Tshirts Navy Blue Fall 2011.0 Casual,http://assets.myntassets.com/v1/images/style/properties/eeba944ba939355954cf950c37eb0cc6_images.jpg
48118,Fossil Women Brown Sasha Belt,Women Accessories Belts Belts Brown Summer 2012.0 Casual,http://assets.myntassets.com/v1/images/style/properties/620c4097c6126a47428ca2dc30c2e391_images.jpg
48636,Lucera Women Silver Earrings,Women Accessories Jewellery Earrings Silver Summer 2013.0 Casual,http://assets.myntassets.com/v1/images/style/properties/4435c0faf9719b13cfdc616b88177c65_images.jpg
37694,American Tourister Unisex Black Backpack,Unisex Accessories Bags Backpacks Black Summer 2012.0 Casual,http://assets.myntassets.com/v1/images/style/properties/ca917aa2504ae1fc214dcbc4387c4ac3_images.jpg
50992,Enamor Women Beige Nightdress,Women Apparel Loungewear and Nightwear Nightdress Beige Summer 2017.0 Casual,http://assets.myntassets.com/v1/image/style/properties/50992/Enamor-Women-Beige-Nightdress_1_b190ede2503c503d9eed5d9b35690904.jpg
12598,Tantra Unisex Printed Orange Tshirts,Unisex Apparel Topwear Tshirts Orange Fall 2011.0 Casual,http://assets.myntassets.com/v1/images/style/properties/d4048bdc0567b5be0fca57d7bda6f908_images.jpg
40428,Tonga Women Grey Formal Skirt,Women Apparel Bottomwear Skirts Grey Summer 2012.0 Formal,http://assets.myntassets.com/v1/images/style/properties/804d30864b22588debd18bb5ac08c792_images.jpg
18499,Puma Men Striped Navy Blue Sweater,Men Apparel Topwear Sweaters Navy Blue Fall 2011.0 Casual,http://assets.myntassets.com/v1/images/style/properties/a65a83916ffd110fb39478999371606b_images.jpg
44903,Puma Men Blue Graphic T-shirt,Men Apparel Topwear Tshirts Blue Summer 2012.0 Casual,http://assets.myntassets.com/v1/images/style/properties/ed4c9ba78f73ad6495f21660fd4265c7_images.jpg
37709,Fila Men Black Top Fuel Sports Shoes,Men Footwear Shoes Sports Shoes Black Summer 2012.0 Sports,http://assets.myntassets.com/v1/images/style/properties/bbff96a50189ea1a6c1bbe9400b999cf_images.jpg
24533,Mother Earth Women Pink Printed Kurta,Women Apparel Topwear Kurtas Pink Fall 2011.0 Ethnic,http://assets.myntassets.com/v1/images/style/properties/55048c44fc22551e11bcb99a41058c52_images.jpg
38533,Puma Men White Future Cat Shoes,Men Footwear Shoes Casual Shoes White Summer 2012.0 Casual,http://assets.myntassets.com/v1/images/style/properties/c27653042412e75ebaedcb21ac9ee336_images.jpg
53377,Puma Unisex Fluorescent Green & Black Bolt LS Messenger Bag,Unisex Accessories Bags Messenger Bag Fluorescent Green Fall 2014.0 Casual,http://assets.myntassets.com/v1/image/style/properties/53377/Puma-Unisex-Fluorescent-Green--Black-Bolt-LS-Messenger-Bag_1_456245ebafc425cb6a718a57b21a9d42.jpg
29193,United Colors of Benetton Women Multi Coloured Handbag,Women Accessories Bags Handbags Multi Summer 2012.0 Casual,http://assets.myntassets.com/v1/images/style/properties/86e47fa504ec0214e19fdcc0199839c1_images.jpg
26116,John Miller Men Striped Blue Shirt,Men Apparel Topwear Shirts Blue Summer 2012.0 Formal,http://assets.myntassets.com/v1/images/style/properties/6fe6b8339531129eba4031e95d3029bb_images.jpg
48401,French Connection Men Cream T-shirt,Men Apparel Topwear Tshirts Cream Summer 2012.0 Casual,http://assets.myntassets.com/v1/images/style/properties/3ac413a5ef30bd5db7a6b28351e7d14e_images.jpg
24841,Wildcraft Women Yellow Printed T-shirt,Women Apparel Topwear Tshirts Yellow Summer 2015.0 Casual,http://assets.myntassets.com/assets/images/24841/2017/4/12/11491999645877-Wildcraft-Women-Yellow-Printed-T-shirt-7191491999645717-1.jpg
5421,Ant Kids Boy's Love This Game White Kidswear,Boys Apparel Topwear Tshirts White Summer 2011.0 Casual,http://assets.myntassets.com/v1/images/style/properties/be814fca0af0303241927427677824ba_images.jpg
31694,Folklore Women Printed Green Kurta,Women Apparel Topwear Kurtas Green Summer 2012.0 Ethnic,http://assets.myntassets.com/v1/images/style/properties/b1765e46f193f4b71732911bb8fbc816_images.jpg
26988,Jealous 21 Women Blue Jeggings,Women Apparel Bottomwear Jeggings Blue Fall 2012.0 Casual,http://assets.myntassets.com/v1/images/style/properties/Jealous-21-Women-Blue-Jeggings_1d34cb02638be7de690b4caf4c1b03bd_images.jpg
15703,Spykar Men Check White Shirts,Men Apparel Topwear Shirts White Fall 2011.0 Casual,http://assets.myntassets.com/v1/images/style/properties/0bcf55ebee5abfade9e6f5df2ca53b87_images.jpg
45578,Arrow Men Brown Sandals,Men Footwear Sandal Sandals Brown Summer 2012.0 Casual,http://assets.myntassets.com/v1/images/style/properties/88d834f2ada5109573e3023902f8612b_images.jpg
26902,Jealous 21 Women Printed Lavender Top,Women Apparel Topwear Tops Lavender Summer 2012.0 Casual,http://assets.myntassets.com/v1/images/style/properties/f6184ed0403a70e72e4d22655056a19b_images.jpg
35657,U.S. Polo Assn. Men Brown Shoes,Men Footwear Shoes Formal Shoes Brown Summer 2013.0 Casual,http://assets.myntassets.com/v1/images/style/properties/b7ebf4ad88e5685a2f950ba25b2ba717_images.jpg
28933,Mr. Men Printed Teal T-shirt,Men Apparel Topwear Tshirts Teal Summer 2012.0 Casual,http://assets.myntassets.com/v1/images/style/properties/6a37b860785520b651169abf0186cd4a_images.jpg
7645,Puma Men's Ducati Logo Black T-shirt,Men Apparel Topwear Tshirts Black Fall 2011.0 Sports,http://assets.myntassets.com/v1/images/style/properties/4a190fed252cc8aa5d1cfbbfbd736f6d_images.jpg
35786,Enroute Women Bluish Grey Shoes,Women Footwear Shoes Flats Blue Summer 2010.0 Casual,http://assets.myntassets.com/v1/images/style/properties/0c1d6c064d28ab87152ded380f3a6dcb_images.jpg
47109,Marvel Boys White Shoes,Boys Footwear Shoes Casual Shoes White Fall 2012.0 Casual,http://assets.myntassets.com/v1/images/style/properties/aef706969cd38198872190870948e19a_images.jpg
4524,Puma Men's YugoRun Black White Shoe,Men Footwear Shoes Sports Shoes Black Summer 2011.0 Sports,http://assets.myntassets.com/v1/images/style/properties/fae0ae76d008674551fbdbb64988ea51_images.jpg
4413,Nirvana Men's Wings Brown T-shirt,Men Apparel Topwear Tshirts Brown Summer 2011.0 Casual,http://assets.myntassets.com/v1/images/style/properties/2ad5a2859f5c6d006d13788df7682ac4_images.jpg
55622,Numero Uno Men Brown Formal Shoes,Men Footwear Shoes Formal Shoes Brown Summer 2012.0 Formal,http://assets.myntassets.com/v1/images/style/properties/Numero-Uno-Men-Brown-Formal-Shoes_b33c12c38ccc34667923c60d3ef8b490_images.jpg
38239,Polaroid Men Sunglasses,Men Accessories Eyewear Sunglasses Brown Winter 2016.0 Casual,http://assets.myntassets.com/v1/images/style/properties/795f7bb0027b80e1d73402e186a18a0f_images.jpg
25532,Wrangler Men Benefica Purple Shirt,Men Apparel Topwear Shirts Purple Summer 2012.0 Casual,http://assets.myntassets.com/v1/images/style/properties/6d918cb105453e5f889040d2883c8cb9_images.jpg
57727,Lotus Herbals Seduction Cranberry Punch Lip Gloss 30,Women Personal Care Lips Lip Gloss Pink Spring 2017.0 nan,http://assets.myntassets.com/v1/images/style/properties/Lotus-Herbals-Seduction-Cranberry-Punch-Lip-Gloss-30_c2f0376fadcd6e82417e4b3325ffa1a0_images.jpg
34444,Myntra Women Peach Peace Love Chocolate T-shirt,Women Apparel Topwear Tshirts Peach Summer 2012.0 Casual,http://assets.myntassets.com/v1/images/style/properties/2863c95846f0b7a87dcb3e6bed7634d9_images.jpg
41752,Doodle Boys Printed Yellow T-shirt,Boys Apparel Topwear Tshirts Yellow Summer 2012.0 Casual,http://assets.myntassets.com/v1/images/style/properties/6681d77ef817510c74193c4b25417353_images.jpg
52823,Adrika Green Earrings,Women Accessories Jewellery Earrings Green Summer 2012.0 Casual,http://assets.myntassets.com/v1/images/style/properties/Adrika-Green-Earrings_e3f99442c782f10de41d72c6a5a193b8_images.jpg
42902,French Connection Women Blue Belt,Women Accessories Belts Belts Blue Summer 2012.0 Casual,http://assets.myntassets.com/v1/images/style/properties/4aac0493b406cc328afcea166ae193c7_images.jpg
12107,W Women Cream Kurtis,Women Apparel Topwear Kurtis Cream Fall 2011.0 Ethnic,http://assets.myntassets.com/v1/images/style/properties/e9be29329e02d686ea8ef2158f0fcc8e_images.jpg
26546,ID Men Black & Red Sandals,Men Footwear Sandal Sandals Black Fall 2012.0 Casual,http://assets.myntassets.com/v1/images/style/properties/3b5061720c653c2475fdb50266320aa9_images.jpg
8558,Basics Men Black T-shirt,Men Apparel Topwear Tshirts Black Fall 2011.0 Casual,http://assets.myntassets.com/v1/images/style/properties/66e406a242eeefaf5fe613cf60ec8e5f_images.jpg
17309,Pepe Jeans Men Casual Sunglasses,Men Accessories Eyewear Sunglasses Black Winter 2016.0 Casual,http://assets.myntassets.com/v1/images/style/properties/Pepe-Jeans-Men-Casual-Sunglasses9836df451d4a989b491253a5cda1af9e_images.jpg
17322,Pepe Jeans Men Casual Sunglasses,Men Accessories Eyewear Sunglasses Brown Winter 2016.0 Casual,http://assets.myntassets.com/v1/images/style/properties/53daeea68622299919c8739ffbf70e58_images.jpg
39871,Catwalk Women Blue Flats,Women Footwear Shoes Heels Blue Winter 2012.0 Casual,http://assets.myntassets.com/v1/images/style/properties/82a84d40b6042ef7b62068b1ce70746c_images.jpg
34735,Puma Men Faas Steady Power Black Sports Shoes,Men Footwear Shoes Sports Shoes Black Summer 2012.0 Sports,http://assets.myntassets.com/v1/images/style/properties/05df13a05ae1d49b610c3c29bb54ebb2_images.jpg
43792,Royal Diadem Gold & Pink Earrings,Women Accessories Jewellery Earrings Gold Summer 2012.0 Ethnic,http://assets.myntassets.com/v1/images/style/properties/a16a6a41ad7a6477157e1bdff8657e9f_images.jpg
53762,Puma Men Navy Blue and Red T-shirt,Men Apparel Topwear Tshirts Navy Blue Summer 2012.0 Casual,http://assets.myntassets.com/v1/images/style/properties/Puma-Men-Dark-Blue-and-Red-Striped-Polo-T-shirt_3925efe1eb57274f58dbd9a563204dc1_images.jpg
25887,American Tourister Unisex Brown Wanderer Backpack,Unisex Accessories Bags Backpacks Brown Winter 2015.0 Travel,http://assets.myntassets.com/v1/images/style/properties/AMERICAN-TOURISTER-Unisex-Backpacks_af9c5384e3ad6daf6bf8f14bf15258b5_images.jpg
29675,Indigo Nation Men Black Shirt,Men Apparel Topwear Shirts Black Summer 2012.0 Formal,http://assets.myntassets.com/v1/images/style/properties/45414d957166be2ba6c171dc3f852e1b_images.jpg
34161,Gini and Jony Girls Black Top,Girls Apparel Topwear Tops Black Summer 2012.0 Casual,http://assets.myntassets.com/v1/images/style/properties/710a42376524dbe89087b2b12c56a9ce_images.jpg
53532,Amante Women White Briefs PCLR02,Women Apparel Innerwear Briefs White Summer 2017.0 Casual,http://assets.myntassets.com/v1/images/style/properties/Amante-Women-White-Briefs_7615a88d91bc0b9919418d589f24efc6_images.jpg
25487,Nike Men Air Dictate  White Sports Shoes,Men Footwear Shoes Sports Shoes White Summer 2012.0 Sports,http://assets.myntassets.com/v1/images/style/properties/921b9f29d72518774e80ae4d83a756ad_images.jpg
19244,Puma Men Printed Green T-shirt,Men Apparel Topwear Tshirts Green Fall 2011.0 Casual,http://assets.myntassets.com/v1/images/style/properties/03df3a43f23aded8a0f18edb7b233a18_images.jpg
53872,Puma Women Speeder Ind White Sports Shoes,Women Footwear Shoes Sports Shoes White Summer 2012.0 Sports,http://assets.myntassets.com/v1/images/style/properties/Puma-Women-White-Sports-Shoes_2649291f53b83c33de7ce51161dec2b5_images.jpg
37776,John Players Men Yellow & White Striped Shirt,Men Apparel Topwear Shirts White Summer 2012.0 Casual,http://assets.myntassets.com/v1/images/style/properties/John-Players-Men-Yellow---White-Striped-Shirt_cc1e19d3f179016179e599cca5183c2a_images.jpg
51388,Myntra Grey Printed Boxers,Men Apparel Innerwear Boxers Grey Summer 2012.0 Casual,http://assets.myntassets.com/v1/images/style/properties/c497ac96f9f731c87a197ba28bf71f29_images.jpg
58449,Fossil Men Black Dial Chronograph Watch FS4658,Men Accessories Watches Watches Black Winter 2016.0 Casual,http://assets.myntassets.com/v1/images/style/properties/Fossil-Men-Black-Chronograph-Watch_e44beac908fbee50619b7570c281b62c_images.jpg
7544,Nike Women Classic Grey Capri,Women Apparel Bottomwear Capris Grey Summer 2011.0 Sports,http://assets.myntassets.com/v1/images/style/properties/3425440793a7db709bebc579abcf26e2_images.jpg
40624,Span Women Brown Kurta,Women Apparel Topwear Kurtas Brown Summer 2012.0 Ethnic,http://assets.myntassets.com/v1/images/style/properties/5feefc33dc5d3ab7c4af0d9299e9285b_images.jpg
51158,Raymond Men Brown Socks,Men Accessories Socks Socks Brown Summer 2016.0 Casual,http://assets.myntassets.com/v1/images/style/properties/2d96729ccba7632671b0da98be3c202a_images.jpg
16221,Puma Men Heroes Black Track Pant,Men Apparel Bottomwear Track Pants Black Fall 2011.0 Sports,http://assets.myntassets.com/v1/images/style/properties/f2b70a31e581fa779ad5039c917f4a76_images.jpg
39735,Arrow Men Navy Blue Shoes,Men Footwear Shoes Casual Shoes Navy Blue Summer 2012.0 Casual,http://assets.myntassets.com/v1/images/style/properties/60b39adcbe8a4c29680f59e56fd9afd9_images.jpg
8937,Scullers Men Scul Brown Trousers,Men Apparel Bottomwear Trousers Brown Summer 2011.0 Formal,http://assets.myntassets.com/v1/images/style/properties/d18668e15b80e744479ba6f54782c6ae_images.jpg
12630,Probase Men Printed Blue Tshirts,Men Apparel Topwear Tshirts Blue Fall 2011.0 Casual,http://assets.myntassets.com/v1/images/style/properties/ee71b11fd16a56d41df3e3178eacf8e3_images.jpg
29300,Wrangler Men Grey Polo T-shirt,Men Apparel Topwear Tshirts Grey Summer 2012.0 Casual,http://assets.myntassets.com/v1/images/style/properties/16d5ab11d5e78d43022e2f6017581d67_images.jpg
22053,Vishudh Women Printed Purple Kurta,Women Apparel Topwear Kurtas Purple Fall 2011.0 Ethnic,http://assets.myntassets.com/v1/images/style/properties/8b66e231bca02b4ae3435647b0b3a0e0_images.jpg
21986,Murcia Women Purple Casual Handbag,Women Accessories Bags Handbags Purple Winter 2015.0 Casual,http://assets.myntassets.com/v1/images/style/properties/9f5c9d8901fba96aa29a73c2c79dc799_images.jpg
31903,Hear 2 Heart Women White Briefs H2H-3-2011,Women Apparel Innerwear Briefs White Summer 2015.0 Casual,http://assets.myntassets.com/v1/images/style/properties/Hear-2-Heart-Women-White-Briefs_5a3e82b90745697028b5742a777bfc57_images.jpg
5127,Wrangler Women Holly Checks Shirt,Women Apparel Topwear Shirts Red Summer 2011.0 Casual,http://assets.myntassets.com/v1/images/style/properties/74201a6268e08e6deac97e3f9c4153ad_images.jpg
16164,Enroute Men Leather Brown Sandals,Men Footwear Sandal Sandals Brown Summer 2012.0 Casual,http://assets.myntassets.com/v1/images/style/properties/58562d18360239a4ccfdef289cecffc6_images.jpg
48948,Revv Men Steel Ring,Men Accessories Jewellery Ring Steel Summer 2013.0 Casual,http://assets.myntassets.com/v1/images/style/properties/744497db8c9b46fab008889f21692057_images.jpg
54475,Baggit Women Blue Small Handbag,Women Accessories Bags Handbags Blue Summer 2012.0 Casual,http://assets.myntassets.com/v1/images/style/properties/Baggit-Women-Blue-Handbag_372eb3aae6d645f30b612559cae8ac53_images.jpg
12915,Spykar Men Back Print Grey T-Shirts,Men Apparel Topwear Tshirts Grey Fall 2011.0 Casual,http://assets.myntassets.com/v1/images/style/properties/7a00b29ce01d1b50ef4a1e3e02b2121e_images.jpg
50164,Rocia Women White Wedges,Women Footwear Shoes Heels White Winter 2012.0 Casual,http://assets.myntassets.com/v1/images/style/properties/83fd166ad35db269b506dd45f9c95c93_images.jpg
57588,Lotus Herbals Cinnamon Lipstick 165,Women Personal Care Lips Lipstick Brown Spring 2017.0 Casual,http://assets.myntassets.com/v1/images/style/properties/Lotus-Herbals-Cinnamon-Lipstick-165_d380e14d3e73f6f0c16543d2f9f0cbb9_images.jpg
11772,Lee Men Black Printed T-shirt,Men Apparel Topwear Tshirts Black Fall 2011.0 Casual,http://assets.myntassets.com/v1/images/style/properties/41d2c210bf90a9088a9a950295234ddd_images.jpg
12094,W Women Printed White Kurtas,Women Apparel Topwear Kurtas White Fall 2011.0 Ethnic,http://assets.myntassets.com/v1/images/style/properties/3407d40d1143ba707ecb9f7136b00cdf_images.jpg
13403,United Colors of Benetton Men Check Red Shirts,Men Apparel Topwear Shirts Red Summer 2011.0 Casual,http://assets.myntassets.com/v1/images/style/properties/0619390b8559d6b8f1a54b93e3a85b86_images.jpg
8681,Fastrack Unisex Sunglasses,Unisex Accessories Eyewear Sunglasses Blue Winter 2016.0 Casual,http://assets.myntassets.com/v1/images/style/properties/6fad2e916602dc09aa58aa1932c70622_images.jpg
34424,Myntra Men Green Planet Orange T-shirt,Men Apparel Topwear Tshirts Orange Summer 2012.0 Casual,http://assets.myntassets.com/v1/images/style/properties/787ec33418d58b501c4eff6478e86fcc_images.jpg
7698,Jealous 21 Women's She's Got Attitude Purple Top,Women Apparel Topwear Tops Purple Fall 2011.0 Casual,http://assets.myntassets.com/v1/images/style/properties/c70b701ccd3c336198e22a18ce82950a_images.jpg
3517,Myntra Men's Not Tonight Ladies Yellow T-shirt,Men Apparel Topwear Tshirts Yellow Summer 2011.0 Casual,http://assets.myntassets.com/v1/images/style/properties/51c906e85f918bb6119f2d66aab3ecd8_images.jpg
47172,Ganuchi Men Black Sandals,Men Footwear Sandal Sandals Black Summer 2012.0 Casual,http://assets.myntassets.com/v1/images/style/properties/50d335b310dab86cf838197c92e00853_images.jpg
31672,Spykar Men Blue Jeans,Men Apparel Bottomwear Jeans Blue Summer 2012.0 Casual,http://assets.myntassets.com/v1/images/style/properties/6c14bcc2970a04387dbd215ccf72415d_images.jpg
59367,Vishudh Women Brown & Yellow Kurta,Women Apparel Topwear Kurtas Brown Summer 2012.0 Ethnic,http://assets.myntassets.com/v1/images/style/properties/Vishudh-Women-Brown-Kurta_8e677855158066a9e1b81aa12272575d_images.jpg
56795,Horsefly Men Blue Jeans,Men Apparel Bottomwear Jeans Blue Summer 2010.0 Casual,http://assets.myntassets.com/v1/images/style/properties/Horsefly-Men-Blue-Jeans_cab57f641bd82ba1a3a92cd4bda9a19e_images.jpg
54600,Jockey ELANCE Men Black Briefs 1004,Men Apparel Innerwear Briefs Black Summer 2016.0 Casual,http://assets.myntassets.com/v1/images/style/properties/752109667dcb434d76afd44ce95ada96_images.jpg
